date,SL,S2,S3,S4,SH,2L,22,23,24,2H,3L,32,33,34,3H,4L,42,43,44,4H,BL,B2,B3,B4,BH
2015-01-01,-1.9580041295314354,0.15297800584889298,-5.192588319268951,-2.2023323959770957,-5.442891733787665,2.8165523618782546,-2.1844525473321235,-5.578097556793512,-5.84363259786415,-6.728712533847063,1.0360024840237267,-2.124329011724595,-5.091555456173607,-4.253781778911481,-6.306935490527264,0.6845098635506917,0.8968460016756694,-3.5702254321736584,-4.1151258837683,-7.971547813056027,1.6684827083748404,-0.9988929464266691,-0.7238340589936008,-3.367514974119249,-7.396435692108835
2015-02-01,8.95816932457302,5.776759945256323,9.348592893278415,5.252765776163669,3.5120364273016427,9.950895686398171,7.6354046264575715,5.455236225315401,5.552438931432887,6.727870490091904,6.889251935997603,7.451993668757949,4.65376712020524,6.738030776481311,4.5699901921588975,6.699929563608574,5.939064873318016,3.82376120319248,3.191941288593608,3.6061039474413437,7.428620749199418,5.883065100020894,4.126117402014373,5.091734655853951,2.006987794655478
2015-03-01,2.688377985839151,3.073822180145149,1.193269660640631,0.5676304409252313,-1.508156008083045,3.0735455571247994,-1.5389803686251335,0.3009408259175835,-0.2638713510182952,1.6571777955174607,-3.0320943796688704,-3.118079692507064,-1.6080549454195214,-4.878270138460739,-1.8081418920071948,-2.5077014176410133,-1.7365405952104176,-3.3863804544072487,-2.7678871435406553,-2.000939862498389,-4.837199118807362,0.047561662128474236,-7.013587996029608,-3.66466911779795,-4.50684591763392
2015-04-01,-2.734411025251266,0.09171997815971178,-3.0371300623996924,-2.1943757639696377,0.784437229410202,-3.6255578974810736,-0.9258999030878869,1.7649680805049606,-1.2381690287873925,2.766934354421056,-0.3175073457127162,-0.05717245967713713,-0.45728634474829155,-0.01596754221288732,1.024311200910517,-2.7251687187290754,3.424291081211161,1.8316593638375103,5.39502288954428,5.171906667267661,0.2949324758151872,0.9709214869222664,4.320270743111372,1.6406260658592582,4.377020858370738
2015-05-01,2.508498846503673,1.5147320517487113,2.6752908460218614,-1.157630382268315,1.3020467597438095,1.297358386777834,0.12154421952258954,1.0662143366740224,1.4867620271528827,1.8429842291242626,0.8373055362747204,1.8603228868946364,0.3274511921342591,1.7718599063598157,0.01436793238215589,0.9360174879059411,3.161120640505831,0.1639572285291978,1.334372762303361,-0.6231969203433286,3.8302293553972655,3.071637883712168,-1.641484668986929,-0.5206901563484623,-1.724221780134292
2015-06-01,1.4020613367717232,1.033839945040586,-1.2642006633956027,0.2678306716752541,0.5525585801252235,0.48033523701623193,-0.8300914890124456,0.21106321268662692,-2.294802566466219,-2.65136847301524,-1.6139734766110592,-0.21052508994423835,-4.477951549447914,1.112121719419567,-1.7648140095282179,-2.059877798770945,-2.7797708578345843,-0.7902188562301644,-3.6445760924071617,-3.9568953766341557,-4.059496833738673,-2.4375898142177763,-3.537207927052547,-3.4973781083458455,-6.961023831206343
2015-07-01,0.6527457989077328,-0.23998641292379444,-1.293287167502466,-5.54048578813415,-7.231623896820976,3.550352985598747,3.584534961663337,-0.5370030588808483,-1.1980292943785393,-2.05996380546787,4.84862834118567,3.7826582132753592,2.6368148131565534,-0.4456809236348691,-3.145674061125827,7.793889437513484,5.484530123602714,4.088946988967198,2.5845780408804724,-2.7440571188682696,12.045173362953442,8.126326632318717,7.472825227429989,3.614289159666515,1.073392766014196
2015-08-01,-9.83630820908171,-7.8394269417295535,-4.241249419574505,-4.340446116089291,-3.9462296887565977,-6.932197105127873,-8.528099601183268,-4.239528804599596,-3.9908886903601615,-5.208879193447547,-8.688328378015706,-8.711565750668205,-5.328689853647794,-5.893625896991684,-2.4264604311712197,-10.188157861871552,-5.74273854803182,-5.62070861852004,-6.667452618304758,-4.14254030005697,-7.162651232171479,-4.672447248123788,-5.335404826737166,-6.905399835327691,-5.175998575514552
2015-09-01,-10.209007471501456,-8.276208607154455,-5.466915304443203,-4.971402832137865,-6.219654491927575,-7.526181327406524,-3.781482479084352,-0.6977200759612883,-5.1580476248880895,-3.5534079060609653,-4.518586210283225,-1.4711050868491335,-5.425044407657716,-3.1419661468052418,-2.350378161127981,-0.3100833891855661,1.6637782181212035,-0.75210944187118,-2.4468668751536558,0.06257824643262389,-0.18247669185029758,0.08578023449380556,1.1390873084960584,-0.09022174098853197,-1.3270578160791084
2015-10-01,7.6953705711342995,6.472881001653784,8.52466677708542,9.170969463020223,5.12952096693789,9.231591096356624,4.412206505250104,6.160828125847799,6.120171617597144,5.826975121051449,7.959662617018202,7.545993301113675,10.119023031982122,9.764943143574296,8.161628414735226,7.146342577195632,8.866835623291813,6.781080165392565,6.90535310508516,9.285061025312794,9.903505289125949,9.890610819085405,12.101544016059293,11.844293209260911,9.823631308284202
2015-11-01,5.7544836689659355,2.8770809688555867,1.9983926481623375,5.563848961475471,3.117645028766347,2.3997537692972206,5.704539067260848,1.6034721214509464,2.421912443180313,1.923681376190997,0.11574700977016084,0.7223308513892316,3.2748678644434834,-0.6058177538347841,1.5201534184015555,0.4782906503074882,1.9330070725057147,0.3074975231941206,-0.6640020808587034,-0.8862479167752406,-4.857921205909431,-2.9143089539428066,-1.779388950421758,-1.3020274918202484,-3.326753812996319
2015-12-01,-4.715997948884846,-2.9170748146024836,-2.481786006006048,-7.101142279297209,-8.44166649590706,-1.7055559877554256,-2.714263375617751,-2.074127399168113,-6.30517137375134,-5.740967488464293,1.656534057788582,-2.2186142779556643,-3.093128932622419,-4.693659495123361,-5.59897386090737,2.47889639232491,0.3112899960629433,-0.8268165877394724,-0.8972045588012134,-3.3005859680756156,3.624870304338345,3.9347253492114524,1.0623304446029755,-0.6073710791713751,-0.9966384392670559
2016-01-01,-11.912253048725407,-11.611349811905958,-10.712971807478297,-9.71765880282614,-8.963365294208614,-11.033640945724548,-8.329451707465287,-6.597281480332255,-4.13388321413976,-5.261325280744106,-5.909431168488172,-7.308885716133137,-3.806947721486739,-5.573736768421031,-2.9392698326444577,-6.801986115248322,-3.3341478430420453,-2.907699232074464,-3.1640988491789024,-2.094401760904791,-1.8407612459408407,-1.3016741237001637,0.2068926309502941,0.3375588504648013,-2.537506614589214
2016-02-01,0.1162057918601862,3.3896881469710527,-1.4427393025285122,1.2588419614561541,-0.8502434366782762,-1.7047693906329497,0.8861222769365826,3.0369422738323295,0.3690351926955864,0.37052002743341267,0.7927884745724054,-1.088166410386222,-0.736267315438667,-1.8026143975360498,-1.2340557878028457,2.7093211884316513,1.5656452550641822,-2.0482060074965154,-1.9727543234907015,-2.028478208057226,0.7277173893651337,-1.415893905660807,1.6541336729346994,-1.5763755956744054,-1.189135546820609
2016-03-01,5.374800344977834,6.180156600940387,7.501552355556179,7.01136339366543,5.774371079826167,7.0270214931085775,7.633917378610173,8.338023563217225,8.707541326733448,11.533955799668458,6.153413963601403,5.899368570768996,7.404904157364344,7.911633988844213,9.045431013803375,2.900149601882664,5.033470855914093,4.053691693039622,7.222016551316707,9.015496131456747,4.396213165183336,3.093001233685361,8.314628030553955,4.147327554637595,10.729499851683503
2016-04-01,-4.789614936575415,-0.28880573486376965,4.3541488180746395,6.276651352977926,5.942473664652243,-1.9670074320516895,-2.5762028923661306,0.7524431490476903,3.8183142201938622,5.321440348351456,0.9077583849685831,1.8471003808676447,-0.15041381048361124,4.983896202556361,3.2360022621202624,-1.518413890067615,-2.2107055072592097,1.7219143291012606,1.481770355607937,4.40796291773703,-0.7143860716877346,-1.8303489305099738,-0.8252449171291818,0.417185952683341,3.007634812006348
2016-05-01,2.225603606152569,3.7660623654992484,1.4699770860168608,2.8531233852783267,0.6568902657942032,1.1915742675541239,2.49956237585814,2.5838635312667435,-0.06504831144717205,-0.1155960568554873,1.6290695752377737,0.48018594625709543,5.284606677241166,1.4929974245260627,-1.0983964465219829,4.714228326581851,4.339995394514282,2.373194131209993,-0.06761586542196918,1.0310317731421437,3.0041470505955146,1.439564178987042,-0.3510571820827839,3.516718087639969,1.7731670482931932
2016-06-01,2.9063967479078574,-0.4407599352061893,-1.0202471874754386,-0.7205502739606616,-1.1368528864242586,-0.3208525409297198,0.03441384344109999,1.895686656102641,0.992161572335094,0.2710196485130214,-0.3117276913904108,-1.7120544361609822,-0.2907964489470948,-1.1604017383374126,-1.365043593452144,0.013174535902415796,-0.3499237941713327,-1.699247489472548,-0.4998692804174827,-2.611298762848426,-0.18662537794580625,0.025085163660479026,-1.649317919487508,-1.7183546878662836,-0.6999461884036187
2016-07-01,11.419048094095634,7.540976441350939,4.454726585646394,3.65626141056008,5.813496939459105,5.663838568230513,3.2582312429957296,6.457604557024327,4.74894664898113,6.051844629467447,6.10247131169506,6.660793151894543,4.312902926282946,2.974661611478703,0.08785921004343988,5.605052799613876,1.827386742680149,1.2950852201516763,1.0246518578406372,-1.6580108786539214,2.4464560087041054,3.6737792276097205,2.157432779354585,0.47330896581514564,1.7438414504366597
2016-08-01,-0.9688344196416534,2.139250670868386,1.3369625402465621,5.473021765444515,5.202876467027433,0.2572979050997941,0.9782503823062003,1.811542331889226,3.944864806156181,2.4874771733749967,0.29228871680189616,-1.4286978550736698,-0.35867668914798845,-0.2636576981929668,3.2587581228117926,-3.819964922381046,-2.6995276410053926,1.5639820186858717,-0.792884407827491,4.731482568783488,-2.8695908132458854,-2.984580457046673,-0.6567912263370194,0.5098776404653517,2.9360360690207306
2016-09-01,3.6731447953729646,0.6318116876029025,-0.8188020599702908,1.763903436317469,0.014507667413041547,1.9648785901202974,1.3843076067137492,2.8801433196120105,0.2667169098054377,1.0834890008552729,1.132726617621664,-0.15282144733574532,3.2452027879023437,1.0002931805727573,-3.297406220338655,0.6896452934371685,-0.961008395944865,-2.577787997237274,-3.3145315139261324,-2.6730026828596616,-3.3439830091256715,-1.2963630463838507,-2.3242511221004487,0.511339819237183,-1.9548274874489326
2016-10-01,-11.333337445599735,-8.137012672756798,-8.640648965023976,-2.4785623278434117,-3.376360091011116,-10.658448812511454,-5.888652279468085,-2.537925329103211,-0.4394360602452876,0.853148009546834,-3.3522747761421114,-2.4623553082517553,1.0031513611818677,-0.12812728066718398,3.1870103395455276,-3.5269123923257863,-0.45366273136823154,2.682339271947663,-0.09825050860527629,2.949089855088263,-1.2219889001776543,0.5659061277961042,3.130192453872225,6.991073307920768,7.734563968454255
2016-11-01,1.2194352723800779,6.917610730817379,12.82774177515481,12.738321716004844,19.941985276765053,-1.2590989789632103,3.792335210205224,9.818119771784572,12.485162040195119,15.915293641040497,-3.451374961280016,-0.3223856489511655,7.489623163942163,8.84965864446608,14.986825182238485,-6.939108262688437,-1.5245243783924647,0.5706487400919156,6.6429080664829545,11.510221869023935,-8.420774342108812,-3.97373165110856,-3.380237266845077,6.678555285049874,8.699212580906282
2016-12-01,-0.1490242208910968,1.5242708471107091,3.835536008093038,3.0821506697657357,5.825765590058195,-2.1833197374558013,-0.34971132645103487,2.8616961166127437,6.814407135923565,7.596449116047915,-2.694856462528875,2.761302230974534,3.4278899145691852,8.373789866619312,4.093232455943906,-0.7926827407429438,1.018898978830089,2.6354177304762922,3.7672483488828936,4.66573454127425,-2.505754303358571,-3.5679619753933967,1.6002243037021344,3.188067119277596,3.6599162781646526
2017-01-01,3.926367049432218,0.4443604731276203,0.4945220775566206,-0.28617124622632956,1.1924910968429485,-0.1128143472466534,5.710108112559307,1.1212041647529982,-0.6421358255754116,-1.432444484468304,3.1939358775731925,4.280926467663033,1.186045071646673,1.0505078774005485,-0.06187126821464006,6.181587930345702,4.465981328340376,1.9616521284402408,1.3574203333808907,1.3969080772228777,7.206155284040682,3.427571583435567,4.489656822936637,2.1818216679983156,-2.0250331853812336
2017-02-01,1.896476437126986,0.34935161981832885,0.6891431404843633,1.1471840948435081,2.5979285954754565,3.6658233173889867,3.1616701031696204,2.747201814878264,2.044470693794052,1.4767535762878,5.893594837859929,3.471920548435576,4.975004535991379,1.7549419397092427,3.594862858606353,3.0928068896601113,4.337651368323295,5.424110988687232,4.823237670338561,4.137762425517992,7.686488128203325,6.503797564002721,6.155443822502164,2.6531711107464853,2.0656682233125356
2017-03-01,3.0474877555255477,3.8434488878700903,1.206403650826449,-0.8668850030224701,-0.6999714270979855,3.5753638218526875,0.07063860559813318,2.5123947349908144,-2.6337177706473036,-2.7947188403453187,2.1960358588557027,5.0592499805523845,0.3426651936606488,-2.1364078794562964,-1.7791368781722094,4.735615213834612,2.338065895555661,-1.2323411611075712,-0.20542152420567739,-2.696892514046339,5.444782812353337,2.4954904602238037,-0.12181491158458502,-0.3469634259449159,-4.49919645013925
2017-04-01,3.4971829679426634,3.328763549294523,5.126135690041667,1.8907381027176438,-1.431092011272239,4.338325164385832,1.8419950418381585,0.1749777787474256,-0.5198007566613962,-0.48849253254731273,3.27488972468029,1.161965276149122,3.2318423246617005,1.7985470786471514,-0.5756644609674227,0.08211686746387148,3.525592351601208,0.46189048295527646,-1.096759604619025,-3.323430065647856,1.1158037882148975,0.6292683543242037,2.571029540593594,-2.31678439202423,-0.5430663599312867
2017-05-01,1.5193428417752144,0.9537758149635586,-0.9788964394780291,-4.720717439877496,-6.096325142584872,6.237699759583722,2.4771735122813006,0.3531412485376313,-1.283323578570208,-5.5270237342623165,7.288671998605889,4.0589307186680905,2.9270824720957944,-0.6494658693413342,-1.576383698582639,7.47542415602987,5.094166435872216,2.3477086051572993,1.096356407476275,0.3531694792325455,8.428772910330855,2.608042966520701,3.246255428354322,2.0452982805216164,-1.6905733778326304
2017-06-01,1.4415242540587556,2.8807088536902077,4.214247559805909,3.7561439766644553,2.9894402768763877,1.9261131614873408,1.9514597461689616,1.2881230667372385,4.213633255967184,1.341312572189044,-1.1326961287773079,0.4617265312638674,-0.0006689750661345029,-0.6037884526240309,1.3741623201945243,-0.3273374452412421,-0.39910452836797183,-1.8549513416084915,-1.8677830694901676,1.5951292980037288,-4.645277727109386,-1.2965608054672835,-2.6301671363606824,-2.2688188565715937,1.6619992263113523
2017-07-01,0.2656403667910101,-0.33675054292299245,0.030454008618856387,0.796906651764244,0.7211463869995536,0.7956825813334589,-0.3541043207795076,1.2084985196305058,5.416662127239017,3.5048964909179445,4.063988672495597,3.8931495947523267,3.484968096303576,3.184721916714824,1.8873429865601352,0.9144052041945856,1.5063298518372377,3.6523163601939066,4.6247048110136735,1.8665877922836398,0.8286584576716312,2.3540784423450676,4.829242919662385,2.3515846947696284,2.542630776672917
2017-08-01,1.17383941742313,0.01916708518624921,-1.5795147919580765,-1.6093785447154807,-7.799921904370063,-0.3282732459468012,1.8117908431302894,1.2305590791392276,-2.020796760276898,-3.994803126397006,0.5561592259401378,3.5753044557444085,1.3862810671136416,-1.888837613456472,-2.6229958221110485,2.3721334175855056,2.419637230154969,0.22375949235633974,-1.8506066657085878,-0.8969137978336785,0.7884118703599108,1.1201220369479696,3.4066513022157126,-0.40850871169687797,-0.823089278356372
2017-09-01,1.842137376654982,5.958145249392765,7.845384342546749,9.92963552132973,9.564581446904992,5.223805322040495,0.5032666888065753,5.0272798872581355,4.849826488189538,6.611800371896026,-1.5083891914454515,0.8932938842527801,-1.4871149023224208,6.931075179178338,4.68247732739707,-4.87345215321152,-2.6339503824797994,-0.15707003094631,0.8415185130579914,0.8114006518054651,-4.67180583181789,-4.6551460589863245,-1.4380921322014826,-1.292177956136054,0.1318830446153454
2017-10-01,1.7878044440754515,-0.6587405875948082,0.44228253910222626,-0.9619999335604088,0.1394357633367635,1.058343268187437,2.953769886037762,1.384536107462503,2.4381352402237955,-1.5884462743250864,-0.016741578792626832,1.0009108551348544,3.644634351491945,3.9954506134239915,2.575754375279556,2.45997330408428,3.0418698245723466,1.660055780150949,2.4600759210190084,4.022982718373951,3.990080005502874,3.6818339890997374,3.645413854791149,3.456700880154205,1.688863999910335
2017-11-01,6.7272856098676055,5.532948306161878,-0.35992517636680343,0.5682919480929622,0.369074562564502,2.713909555035124,0.8935452484070268,0.8215970737584009,1.074405768905975,2.0526962745462334,3.2404695944897846,3.7694958750628045,2.6555357090874425,2.4758956713638924,3.7259548523122277,2.670803423238771,0.8795116528552787,-0.5184206461292482,1.1522336965353297,1.8624462388798375,2.6591315485440896,2.6270050287761926,3.3750398321768,2.8414817424900574,4.170014731086717
2017-12-01,1.430275633962421,0.543535920812425,1.5239514398823788,1.921478437044159,1.0061148341874417,0.14832798650069967,0.043199253600120835,1.5092616342691105,1.1595626816980382,-1.4079957940307617,2.204091730104622,-0.015535393974029477,-0.08583428944975813,3.026903057454688,2.926922440007596,2.6168456479213926,-0.7759259927948872,1.3900381981634642,1.8605035577314906,-0.2340019276123566,-0.5565483663376991,-1.0297270600650914,0.22081092746819242,3.695385802548133,5.1950451076926
2018-01-01,4.017773521619739,1.5238312936407703,1.586439780709187,2.837434222165783,-0.13720223056533376,5.338642758317488,6.264420099153185,5.071107556939893,2.700763025366747,5.60866163628504,6.810755091939027,9.113118531944064,4.498338485607139,5.155161780643124,4.955392579023446,9.883817968696796,7.285340076772708,10.622502974483092,6.88749599392087,3.694464721826108,8.346128195378705,10.33022132091421,9.939390150975626,6.350090745283894,7.5220467531359
2018-02-01,-0.9975423940381392,-1.8348830476045117,-0.5748832402094393,-5.155266600638435,-4.5188756391256195,-2.66952500072021,-2.768024414556261,-0.3877366298135314,-4.084460944771477,-3.3161354699055643,-0.4404504495150241,-2.801659342721764,-3.6596349514002955,-3.007960972464653,-3.9404449094825584,-0.4516194342976836,-3.8347478960472325,-2.524013726089247,-4.542480314853677,-3.298463936362169,-2.5601523539000954,-1.1715654124984058,-2.3025526800414626,-3.9713029246015275,-7.589903924107532
2018-03-01,0.3461880332412832,0.3755140341037615,2.4229130665151386,3.90594116748018,5.344176497553066,-1.0557273931546503,1.0126148586834895,-0.8820360672012224,0.9242157529049342,-1.6963366216861004,-3.0692944004139475,-2.7416946663140336,-1.4466812378222231,-1.7927722592062694,-1.678915952050578,-4.975147190350071,-3.9614075980954873,-4.362060727537875,-6.723731256427968,-5.589141589386238,-4.885537815223633,-5.13834498740723,-8.441053770035353,-4.5524263366639905,-5.243442244140584
2018-04-01,-1.5951252727663863,2.3736634450584218,1.290098920825802,1.9792251556356837,-0.5859980526133419,-0.6810227946948837,1.4855600216780331,1.113856776724188,0.7625464560368895,4.791042604096949,0.14148859106334882,0.2678081194514921,-1.5949636412405181,-0.7339064676342915,4.863460836620556,-1.2822279610994087,-0.724741256979426,-0.6930064017486839,3.031719543896215,2.560845066027693,-1.5220954907847184,-2.8086564800537133,0.276918481524026,-1.2646596118924216,-2.5311534467197374
2018-05-01,12.150366672789469,11.36567990795585,8.502131007521335,8.458908980292135,4.716683254808916,8.165385711841708,8.786970002220038,5.683956810794413,5.077465226150866,3.8592871265678776,4.952770475108964,2.1353482263595853,3.1280011463664485,0.18505376637582638,-3.0433893168337534,0.31219756118595754,1.5531977925084852,-0.009721318718212496,-0.6395136136288804,-3.838698693425502,0.5517986486446371,-1.5086152753377653,-2.297877161821665,-5.226493401243729,-7.337508057049032
2018-06-01,3.0726035550445054,1.637513061917178,1.2718934645209135,0.7334909263115589,-1.378679844133408,2.408628460465057,3.810881858483702,3.386811204873491,1.0493844225866567,-1.688358179182448,3.414989338665231,0.17786660288815215,1.53836649133736,0.8760697412237608,-2.8287415121806516,0.8762997497730998,2.019322775228363,0.7265085148265324,2.7879732570935856,-4.945283435236475,0.9765095631255167,0.5015900527393244,-2.368490809921372,-2.076152002892704,-3.1114637200356103
2018-07-01,-1.590201098503074,2.3413507333112262,0.21049114828764237,4.706585091519376,0.7905573439749132,0.30674694314995854,1.166950619308472,1.985437986647852,-0.47135069280570807,-0.8869696762298727,3.382578529848387,4.668158522570768,6.175938067552199,3.0167155166922086,6.079743366807236,4.8891322991635695,3.2460081782020045,2.4468606191004505,3.4189763317892092,3.208716841229957,7.123544438377452,5.846313609926377,3.2699700540561176,7.431472747418739,6.300308696245044
2018-08-01,7.128929148468286,7.341707929849491,4.884037689294763,5.687224467861203,2.0788870042725307,7.864410958703551,6.931979532803333,4.4881635738837895,0.720245480604575,3.8523027549665985,8.138068400505842,4.325946242197037,2.018194138210057,0.9696558199890245,-0.7968603242050952,8.81147908483973,4.364245894225959,4.448312384067027,2.4284635338841127,0.9084709311633532,4.22733366809438,5.011882758660633,2.506710259767406,0.6267963813077093,-2.9169524633154964
2018-09-01,-2.356012409483405,-0.09412322056352118,-1.0893740018538187,-3.2484830185222147,-2.270995980437846,0.012049791034421609,-2.557260710433485,-0.20827395019691164,-4.399563692435274,-4.737719804064909,0.148082953176345,-0.7093288133687797,-0.2811888881189534,-2.1873053541720107,-0.20963600552230566,0.8258315416974997,4.225443445837998,2.259651815225584,1.630551022709893,-0.6488437657520567,2.794850808659029,2.057361327415768,1.5594141848044452,0.8085634929662748,0.5100694535857753
2018-10-01,-15.578540628519022,-11.294773986574334,-13.619154325601269,-9.615930369372073,-8.664032413728506,-11.071744899960265,-11.769290278893543,-9.947955030037186,-5.854747746546864,-9.614709224354854,-11.905144692150106,-8.351233210554943,-7.074276148907529,-5.521972886757792,-4.288826426280631,-9.138091539211958,-6.571962198069207,-4.048391569374383,-3.9792224630273965,-2.935177443582958,-6.423828976403549,-3.940134639796148,-0.028606368510672553,-0.27605008834026923,1.6987871395757728
2018-11-01,1.4430002396085038,0.5659543654404379,-0.057715449993235746,2.416777128574117,0.3395017386426389,-3.1731890954238136,2.400294184070945,0.6814808634024874,1.2875587115019438,3.414244544094946,0.2850428982429647,3.2583438926486252,3.614343387335161,5.020415893716736,5.331962889887131,1.4039962140789926,1.5715958997551696,2.6730434502783087,4.438216543207484,2.7162808399321263,2.6027647315518063,2.820792632506373,3.5923679476381816,0.990696710123038,4.274311865646774
2018-12-01,-8.65856126307102,-12.178067707091492,-13.060592664008357,-11.322839459505083,-11.170717520076886,-7.047974104950603,-9.536661436517864,-10.689233725424259,-9.636109580892102,-9.634482494410609,-7.43384666127015,-7.280282373348271,-9.82310642970997,-12.356170856529392,-13.598422352520455,-5.481653412253207,-6.802819339321965,-8.143745171395299,-9.896474819802023,-9.80257239459574,-6.043581550093601,-3.3768944911963383,-6.242989939236837,-6.872325799457906,-7.086771828843856
2019-01-01,12.811314542702087,10.291264895006456,12.786656938136225,10.275828013326237,8.835145579806653,11.660893405912148,10.622526679388763,11.533078910017938,7.359218178844959,12.111298123846263,8.549254066839394,9.842359189362854,10.351191450034328,8.414457699861156,10.249860116853334,5.394699569634913,6.555365052178957,7.773121696013948,6.320303062481736,8.483851725006636,5.246286020408718,6.2371318353205965,5.785088861668415,5.885545896430323,8.280171516874987
2019-02-01,9.212312743406049,5.7530711119965865,7.6299656685597395,5.586040394194054,1.5165667587680476,3.77043026855348,5.462658518164448,2.9541083361116898,2.261993962835145,2.934502576159025,7.048108143314763,3.5218450277999382,0.6971859173330621,4.287709347975163,3.5740312459838637,5.291446416213518,2.520553172263416,3.1803010426757847,-4.075504646288927,1.9917523459923343,3.8150733497265565,3.6302070566467903,3.0042711262155732,-0.44032777183065325,0.12087752092642123
2019-03-01,1.8490672123820837,0.14313397532358743,-1.5218388347201106,-2.169400065529222,-5.7918957110949485,3.0444842260451814,3.356171238415849,-0.22466420355140626,-1.3941060376931076,-3.5332295914215845,3.989826411520901,1.0023216605413636,-0.5967928976350767,-1.0680835720165536,-4.4879690276768835,5.8185958289110085,3.1638668559236724,2.039518775652182,1.225182272232604,-2.038649467530684,6.99817117848665,6.246361967477553,5.153747493255828,0.8415062372068267,-0.13906123317161434
2019-04-01,-0.8854000449384949,1.8672645016697103,3.1106114984197695,1.1151039745617246,4.804601241037965,0.17460431817201783,1.921943421549646,2.11245006281952,4.46755850629796,6.855012234250948,-0.68305448602288,5.05028813858736,4.676195908549083,5.80668620922662,7.491464653447135,2.2474264431999647,2.462264601468245,3.8634271827183664,3.983375324095039,5.078681972029888,3.5576773260220063,6.466060743388768,6.0701200134088555,5.412613551452487,9.325014225119205
2019-05-01,-8.042413886782278,-6.621677261560227,-9.660410988531487,-11.538424564802266,-10.676423518612387,-7.177251924911028,-7.015608191492945,-5.967048771384458,-8.486563561121878,-9.333468219239368,-0.8134107946600677,-6.013482097609074,-8.85300735508406,-9.917711777368302,-11.145587690668467,-2.6447187784770674,-3.3787096081505688,-5.981135715043304,-8.27444160192462,-9.534694240531971,-4.150012713519426,-3.298233780477242,-6.975421408781443,-5.842889060603464,-7.213882110557481
2019-06-01,9.419286511216175,9.00506141299878,8.65127227229467,4.480614937556244,9.515711504932291,6.211290585779392,8.707343200966717,4.901600928052618,5.030434248968048,7.397926032034551,5.593794929551103,6.6832881359715595,5.341523601897677,7.4093391606634915,6.689901646877803,6.7774882542337895,5.8500537296156345,8.923610069306498,4.997310733501106,6.711924261027275,4.812096920894101,5.172490160323156,10.715890803774151,8.077355688611267,6.975594004724128
2019-07-01,-1.5467821343670378,-0.8384606227383958,-0.030754186936205352,-0.6313970474704411,-0.37326601672890847,-2.0855981510330386,-2.100172801433555,-0.594251485679103,2.4618518389763278,1.0456905520082997,1.9999600450230748,2.9340788734277163,0.6215640956788432,1.2239121173451957,1.425277392801855,0.8200260137275301,1.6970247089388377,0.3036692285828666,1.977292882641255,1.2936151118370283,2.5961167693688814,4.955926980771298,1.2826962197024727,2.5201733143344804,4.151871716042274
2019-08-01,-0.8357589154905061,-0.34716234481928065,-6.3225516395250425,-6.279473412109661,-9.880895447361038,3.578171282301138,-0.600882902610848,-3.279550902174939,-5.2568292567061325,-8.753000795768799,2.4713747764027594,0.7256326747551192,-1.2096121200785117,-3.5262764916281863,-11.032971614274416,3.2986901436286358,2.2395160393925986,-3.5094580565649425,-3.007539463055198,-7.625972871189619,2.2550747563696256,3.466226934392053,-0.6923437499854245,-1.7267850097951007,-6.102037614796112
2019-09-01,-4.600609435410004,-3.210448710412191,-2.3608671205314895,6.339748782340438,6.362736283233116,-4.605716793113103,-4.011160229227572,3.2719173290797903,4.813084857895143,6.7069420127804715,-4.966567078260682,-1.3288806812234588,-1.2507178699131818,6.600207592199146,8.895510677642962,-5.2464395892906195,-1.9421751445232154,2.089971103918493,5.358352536191784,9.204435323477773,-7.858495919238637,-1.7671940061092117,-0.3636220589501744,2.661094406974569,7.793898926701851
2019-10-01,2.862504138355428,7.5232902893291715,0.42278514094340114,1.8068553748260585,1.4230031400104532,5.8415982596569425,5.089457325970383,2.1215058936187976,0.1552311780352218,0.06637628078032531,3.9611487017758935,6.218291178005756,2.508676935291343,5.0399739778799395,0.48716803948446147,3.001588304694191,3.7724535839587308,1.9426613948477447,2.106102127377358,-0.0077250262027317995,4.191958085781921,1.8886325744846468,2.3136675938187152,-0.021791661108126692,-0.06963376317796752
2019-11-01,7.792009176384588,6.716537561092252,3.5898362050943633,6.483636522553333,2.412792596343981,7.0767737132305575,4.846026202242943,3.457331995188483,3.7443467910668513,0.02795367478740829,5.17621163760906,3.8005103150839155,5.602675312776961,3.830078274672383,4.300777748183756,4.688410755516729,2.036222048046953,3.6563423386193303,4.475084494997095,1.6544489942703253,6.216163048473476,4.307735343294654,2.992136011592034,2.0735465355713205,1.5694086522043045
2019-12-01,2.194658124032401,1.5398002048203199,5.221546273986345,2.6930610168740583,4.971924830719975,-0.4818120396601393,2.495044163342668,6.004366889389165,3.551411631167698,4.9873794558883615,1.674432884914937,3.220047852775986,2.6608115794043146,4.186822989725269,5.5738747700494296,2.7070756052744587,1.2186365923804083,2.669759638926468,2.768446286601894,3.050010499102841,-0.8174965434520736,1.6351492184848888,2.828385013211962,1.5081098094049223,2.916882154037177
2020-01-01,1.4030712327657215,-1.6178022076469247,-1.0760700388748288,-8.722860454836336,-8.712264908234843,3.6369852177460444,2.0764226770793184,-3.8713895653960866,-7.416090215398709,-9.32399776464589,5.534593651143804,3.080807347999756,-0.48001595234105826,-2.937295032781977,-2.880514825806741,8.366484021429242,4.704755756591015,1.09102646011151,-2.3212106714055225,-5.1298475701557065,8.098602156440064,6.407310424030321,0.1958719090081713,-1.4551246273067213,-2.3989435386523903
2020-02-01,-3.413889570003333,-4.5487548376904785,-8.326636515845234,-9.514108344148534,-10.239108247059614,-2.9911725409924186,-8.586959812358101,-11.148577649701844,-10.167987677924298,-13.649495079743176,-2.096071418615069,-5.640823921050986,-7.364113684114388,-10.799620924364016,-12.198277138806816,-4.845115627526357,-6.306880303659496,-6.26837500003316,-9.096768327888338,-14.101596215249515,-3.2069890264514416,-6.238664964252162,-7.3441711432637815,-11.871034399825659,-9.73280760550647
2020-03-01,-2.820738651827372,-11.723157638544032,-19.530232731790758,-25.241188622394642,-36.62564946519133,-3.5229260961722133,-9.768310180222148,-15.425847039691721,-23.698448997675854,-30.2307698771893,2.05813596991398,-3.8355096997270737,-13.474937187034408,-20.117645719955448,-28.008135789928346,4.710036456283486,-5.889966435065072,-13.109026125651054,-16.317788875271457,-23.855448882159877,4.648400807588341,1.7908080874480827,-9.413682746539598,-14.755575972632768,-24.93045254048264
2020-04-01,18.58320924338286,18.272287280582884,16.982574881324883,16.561421082055254,16.574677999329637,16.78051326242429,17.092885946042966,14.400299948699365,16.288748864470612,16.665142325597387,15.236365630451989,14.684291295088567,15.86897906390887,12.820776399643476,12.682124311999472,12.026125614883368,14.175580581339458,10.75033430489335,12.857526493773218,12.901377503238574,8.914649197504982,12.36043675393584,10.005462556619024,9.875891407268112,10.829410254780388
2020-05-01,15.162967426864157,11.410392976305062,8.076860060976022,2.9470500541365805,3.0352053843031825,11.131277519928501,10.579214618369468,5.34078205953221,1.0320069361866295,3.612363805083956,9.607789870444863,8.730731779228579,4.0861098738461,3.455819979256441,0.20777622152745523,10.568791805897344,5.340402194236128,4.058947701840147,0.5083719815096237,-3.2615282922041957,8.554162770149452,5.541325412481048,4.09782725868642,-2.759711915109785,-1.7329183929014689
2020-06-01,7.747087925528924,6.248293170459434,6.449041423327302,4.245533144927213,4.529935768811604,5.192534405841308,5.30211539020596,4.87216595617731,3.0104463429399853,-0.5098620093542787,4.219942354896254,5.075048666618834,2.555763159300125,3.3965248182639587,-2.8904670864987376,3.512568137814524,2.610967299586954,-1.427953374667533,0.7306227898710536,-2.38951278913567,1.5982654143551813,2.096337896734737,-0.14162961813732866,-4.480415294074926,-1.5179731285632714
2020-07-01,9.928260427978955,3.1668459623421366,2.796858156985518,1.4010089534391164,2.161326460707723,6.876705569470942,3.35837172497485,5.129832355885078,2.3282945274993576,2.214946691224981,5.273605247566651,5.849358566339801,6.321758954488779,3.7398146669325576,4.369867347563178,7.703651633511039,7.476358035664249,6.578548235415611,6.515846097689582,3.464459618517827,10.514023243522077,6.917086170292204,8.195384190665118,6.47083716809191,6.28997148774431
2020-08-01,9.00922983993788,6.939515702415946,9.034854779037682,7.646472027441453,7.027089012062943,10.876910584394766,9.915822273401004,6.827763339123188,6.704981612951254,6.529795678062811,9.806450375441404,7.67322315964562,7.235548314278063,8.004196356545588,1.8978771984211287,10.696930238232799,10.385475897409268,10.004785090655744,7.855433603643142,3.913967599542598,6.747309316419752,9.358512600503726,8.446738585522922,6.872914813958001,4.776953710863995
2020-09-01,-1.5081415374838567,-2.8894858886557873,-4.31069689943845,-4.502639426658332,-7.765109168406569,-1.479433631562916,-1.1723335325786965,-5.658075312778063,-4.7554333169761085,-8.029592194226979,-2.215889414004698,-3.763676130377421,-7.76369460238844,-3.121448884138184,-5.845290695046232,-3.176459378585366,1.1841448557545622,-3.56459042549234,-5.822667942687976,-6.607653453532597,-2.8373028520911245,0.6500815501831765,-3.065843684427092,-9.02337232921018,-6.029705785053105
2020-10-01,-2.1314800836731744,1.4588847309299524,3.2471023639679664,2.979643524705363,2.8700155008806556,-2.507989677787924,-1.9569070982012478,1.3100672776484956,1.8158794339626456,3.894189171084948,-4.17942276608718,-7.109997223409874,-2.138127970026037,-0.19022427563459984,0.2245688493692386,-10.177296353847325,-8.175635115121002,-3.868868799358258,-4.558275245106227,-2.2279643283948514,-10.560793775647044,-8.712946817505049,-7.018691498158255,-4.925710329349775,-2.4264072868681446
2020-11-01,13.99169035965184,17.938677155640047,18.28607960393337,19.62841282819135,23.08589992332699,11.193170625765859,16.152323508000322,16.60493305216627,18.06858628687456,19.250967044617315,9.890278183920758,14.170598355564612,13.98349487241645,10.617346166339129,13.839660353442486,4.5872173399188,6.935040789784505,7.326582694304848,11.691995392189057,10.561963781464975,3.8112186823123997,3.3929211326548843,5.57676666331198,6.65126315010154,6.6452315623799
2020-12-01,12.833553473548076,8.818428371376761,8.761998273003616,7.7188929213629685,7.071192918951285,9.4841690275821,6.95741939691795,7.065367489559205,4.492997511008385,4.396872213785033,6.411220313090394,3.6919751120716047,5.980393171236779,2.98789553421037,2.1960439958262885,3.5290194916629427,3.0480503524518303,1.0677877300045018,-2.4859123832670056,-0.9466825569693029,1.987203766120908,-0.8622613073060792,-0.4847116263574429,0.8136416021903448,-2.2148290075319332
2021-01-01,5.155114783477709,5.809307928221516,9.745116757126137,8.741194558286637,7.826132457204199,1.0324175041182797,1.1327807158631724,6.2315867792997786,6.603227275080484,6.919952155299425,-3.5472453304952842,-2.0175927747245286,0.6453971153030514,3.477620334693683,2.857756731355247,-4.399122651254979,-6.873618364635934,-4.217964728422188,-3.0606299142258466,-0.11234550474863908,-10.281065212200112,-10.44607753043007,-8.74086378465468,-6.108897782691622,-5.918606903859544
2021-02-01,-2.39168345586783,1.9695126090379982,6.37848092118656,10.233926684948253,12.248590490285386,-4.05355404180528,-3.4993502865155865,2.248504135739051,6.333528300366721,9.27685065370318,-4.157157156393141,-1.2829322891792512,1.3464358545239166,6.439826421403696,10.179461670483672,-2.406944931193669,-0.7363144763731071,1.2362571969293668,3.9318469246412064,9.17277000670732,-6.564309132375426,-4.194770836608043,1.9524833447478267,4.961118411989066,9.165833204305212
2021-03-01,-7.371808632971312,-4.000499614856956,-1.8899273528366392,3.4238741346930794,8.050742363274237,-5.083784849471118,-0.29269165266536956,-0.250906471158828,3.32929862392309,8.727087430153665,-0.5737090856837264,-0.1403522926322187,3.9361935857354777,5.408925166409652,12.313378662684723,-2.44806849832148,1.7879705449288408,6.151545534569371,6.521738185260027,10.669897171147063,-2.880394179958577,1.0253598776984685,5.573951251876048,9.364770645008868,10.237725886817564
2021-04-01,0.4872352413174408,2.715624198363036,1.1474800296813221,2.5377829774731624,2.383167825937,2.2355952525877516,4.343360027318337,2.4042691804064136,2.519052643908221,3.233061797294292,5.349264033941011,6.552393479463075,4.273072659734396,3.800466133009693,3.329864147813785,7.8018715619340675,7.677585225685808,7.240866433151405,4.978092985186004,5.9124848093620415,10.931065491943496,6.17352149681555,7.813634757547775,4.377285215166872,8.859025107618582
2021-05-01,-8.174071445507934,-3.2339003828862567,1.7325246800340444,3.0075767766377344,8.422126592042307,-5.600443854023944,-5.835163405586709,0.10250226069503282,0.42741031563795495,4.920148295782981,-7.6536450915352425,-1.9442521068062524,1.0134537509707522,5.082308554608849,8.09387849240867,-9.507231751711725,-2.7492157619924518,-1.2916070933418302,5.812700546246092,6.625983374272047,-8.344827048619027,-3.015950473492084,2.082715194212028,5.2316957598252785,8.380388038739966
2021-06-01,13.365382973195786,6.81533109269881,2.5921495935458996,-0.3133460441971203,-3.0890589688464205,10.96516241250122,4.889668582121914,3.9868904592123178,0.013407438027236762,-3.3566489969789157,11.334514159887913,5.7194215028007225,3.105486909150325,-0.307521132845912,-0.8680398620895335,8.587344149916351,7.768474778647924,2.174337009711725,-0.7425266798717931,-6.310479164336136,9.044238363420629,6.121037786263483,0.5317998908477677,-2.568520306937895,-5.973873537964412
2021-07-01,-1.168426085028495,-1.0335324200328315,-1.5568422083491502,-3.384582335735441,-5.659713550557488,0.20843108638714525,-1.031378858943381,-0.9899728015562153,-2.006729064212405,-2.296817802309536,-0.6486034898739841,1.9433550899745122,0.05866648512269479,0.11398036609747753,0.20168534221996015,3.669679221655025,2.43047338918996,4.001912464808896,2.09904416862989,4.057181636600751,5.323994882704691,4.7059877553631315,4.738338859936197,5.170787894389559,0.42957873666298685
2021-08-01,2.1595128564793606,3.740963328997095,3.5777244525708705,1.3330997205673345,3.0279222541559365,4.371029455921038,4.093053995083665,3.344964379999725,4.4976769817219875,3.6463738277062077,3.1959096408961476,3.3979075863865797,1.7845456330123965,2.342141897129988,2.604924604677665,2.035083452140709,3.196813904707083,4.719803399845618,4.752075399407222,4.952695078838467,3.8778759532942346,5.436547911046165,2.1950272096588757,9.027741494532162,2.7331443812974117
2021-09-01,-8.158011455173845,-4.694136595792339,-5.198579569771693,-2.1800107538243774,1.1013019325003544,-10.275499918648435,-7.072973650019808,-6.093927851057387,-0.9214670845815744,1.1030100971774768,-9.780594894409605,-7.2304990286211925,-3.6842369263199735,-2.543758708713715,-0.6500681898173315,-9.9153608783598,-8.14729269140208,-2.2661091280837233,-3.6968055411309138,-1.6708683542384528,-11.41581821949493,-6.520689841625098,-4.516429130946276,-5.449284474370211,1.986388681424536
2021-10-01,6.577096026936987,6.462739617497098,4.488414727997472,2.955896365313123,5.259915374023953,3.607573672620366,4.560386707122648,7.789778191338169,3.308652093875918,7.5555995410412535,5.417004561475607,9.132806024684118,6.481559749115,5.141013238104266,6.158661969944623,6.946468982971693,9.064286110541005,6.059688554321915,5.769215112997911,8.643852127971707,9.762431682337406,10.216742904019599,8.840145518162094,11.123179909519335,7.7881315698893046
2021-11-01,-2.184508647376636,-4.7197175124908926,-6.293886325579237,-0.0859490964290206,-4.816699708297563,-4.299428143120151,-3.5516067575121086,-2.434345482360574,-3.921434637018895,-2.488524349947654,-0.292389034003002,-0.6264999118884937,-2.6571927539379416,0.612442049056181,-3.339671227338994,-3.5485948660462987,-3.380100135066397,-2.1187064247517897,0.25203518048853324,-0.11890166710966765,0.30586555482349587,-0.9501298051946943,-1.381455945100038,-0.779786344222861,-2.0610496865108248
2021-12-01,-1.238414608666297,-1.2647010204279405,4.227287572216261,3.6856085321539886,4.495951052568161,-0.15571945581583557,-0.7838008546291455,4.135075032610471,4.8226432304592475,5.320280584392607,-0.03354291180156213,2.6141043397288564,2.0289841074575024,4.451147811035009,7.073151428100775,1.5214702336936838,2.2422858133037833,2.0609630536917933,6.611105035602618,5.661858568024017,3.7736668944747427,4.272659866183435,4.240929389994721,6.907128291482187,7.361038395926178
2022-01-01,-22.94239075213639,-17.810160559742265,-13.0514984664292,-7.011125057792482,0.8315775368236472,-23.89062841157872,-18.447950369548206,-8.801530695205166,-1.8972348853645162,3.5035851506289086,-21.33863890071158,-11.449140436344752,-6.432516879931572,1.9356162960902619,6.565975496034204,-17.345259689092327,-8.783230357701825,-3.408949946596756,2.6112450892436625,10.737669966785234,-13.015821336320657,-7.832778825009458,-1.1024330471140276,6.352616566925807,12.723627104475739
2022-02-01,-2.9668540115288056,-0.8450345341869427,0.7818598744305709,1.7204330702977293,4.496500945167076,-1.709793109857749,-4.533526665356426,-0.6084888860410446,1.8848979719882546,2.5510859396350676,-6.118819821258908,-2.0002515531178826,0.2553865841250671,1.468852592735696,-2.5586695433015745,-6.033274854315893,-6.16632659076741,-2.6203825962667806,-3.4665511489285477,1.948401378771774,-6.754842691041963,-4.460506723161726,-5.574332325058414,-3.422469565219392,-2.46101213703447
2022-03-01,2.9158832278720785,3.420858068903815,2.41490230957932,0.802971129660151,1.3003933742588756,0.8661215053401219,1.6566999625973837,3.200032205576586,3.1659105276159565,0.7564290015690432,0.5705676527406611,4.2170699987096905,2.474112343729814,3.6983448620739594,1.3248222794260145,8.491978854142342,3.7426265633609033,5.24208161694737,5.161238004175559,0.3466862917863245,4.932223713895656,5.609881035273808,1.6901236080745519,2.815135542519535,4.776769386568686
2022-04-01,-15.98049569830009,-8.214866224573173,-9.383538520483835,-8.54674119510344,-5.4844073309513135,-13.624049830399237,-12.143498063201147,-9.68530587474575,-7.764637315713927,-4.502723567113694,-14.60262156827,-14.217460261279642,-9.247799915338632,-7.208801954225054,-2.067621242964867,-15.73147203786225,-11.30051991624859,-8.630596693400067,-8.158513634803079,-4.168000730368451,-13.851131375075223,-9.611251144439313,-8.126895024857511,-4.173601961762816,-1.7809577565508423
2022-05-01,-11.055129226499886,-5.4608776945155055,-3.0368148129876573,3.0962132542615333,5.408417826437768,-9.513958182030368,-5.721017497606788,-0.3410345749704049,3.3221300330346866,6.148651364370352,-8.261076411810016,-3.9594304117169083,-0.004304176417982836,4.470973650356933,7.5029915097709905,-11.77307643460211,-2.159443819144533,0.09180855718145164,3.969001288603307,10.536495701418199,-6.86766764624675,-4.454769882853766,-1.2273495434551949,3.519624389870154,9.302689516512855
2022-06-01,-0.9319225386601966,-1.7453650002843575,-6.634125611342616,-8.663275230732646,-12.650758799661553,-1.4390540506398843,-5.5958101824130555,-5.617889919573074,-9.001745644426371,-14.942212480245939,-3.092948380220764,-6.174497680033616,-9.913310195190164,-11.652414894734356,-15.780685870542229,-3.377151483302783,-7.533392231187329,-9.014283169563173,-12.025495017104507,-15.239253532608585,-6.04112174912034,-8.179482737831396,-10.935253173844448,-12.06724631383968,-18.225971751818623
2022-07-01,18.420416477748283,16.246539184684547,13.537304101287976,10.417461482780602,7.493424706379285,13.944386986952283,16.537151215222416,11.487413039780488,8.773683906754012,5.500980988380947,14.12864352805444,10.605362638029495,7.108980666283709,6.372575723756829,3.850608128399837,13.09054430201524,8.489736701131225,6.641115489618686,8.844887404265815,5.0649679140122315,7.676272233309563,8.98621435296359,5.141428386848411,3.858343327549793,3.502713446353154
2022-08-01,-3.0281129586994853,-1.4758765835965586,-1.4295473154880978,-3.2560141567706236,-3.8689917965718514,-2.69103021130619,-4.143278288206863,-2.1323630783889524,-2.7587641199318815,-0.49624598913910534,-5.608273471152536,-2.893666311213231,-5.126731710055845,-3.2938325625655773,-6.546828774361492,-1.5778739691517263,-2.657206731746231,-1.2633620753941224,-3.7437094902715216,-3.879862674246311,-4.203502915659811,-6.40664998075279,-3.604687058436771,-6.623969073682865,-4.111457019498209
2022-09-01,-14.162948023806258,-10.730117327515774,-9.02532819502043,-11.03761434153107,-8.825832668991076,-9.711936436471568,-7.976778546311412,-10.124722256202562,-10.827174569861544,-12.209155957006445,-10.275801078372742,-7.271537732195418,-8.786154541242794,-11.333181171887684,-8.511316811330005,-10.276969542161241,-8.886551488186502,-11.154911698613368,-8.157902828861403,-8.57895261745484,-8.0154220977108,-7.196568536267804,-9.826431853799642,-8.939634352116048,-9.542269820842291
2022-10-01,0.3580929633720945,5.3009903701846435,7.3465677015032025,9.141331457093017,17.131562082389873,1.2047184401904873,6.309229918794708,10.17480710840249,11.241224427959793,15.421531099386627,0.19026015710359467,3.6931950257582224,8.164225978920864,13.806647597544366,15.958941793706321,-0.11184631562783376,2.3321030519257864,7.908940710407305,11.042564641396456,14.020045308686319,-1.9246816649853125,1.2186653158931438,6.11469077844311,13.58135876017153,12.651549995963528
2022-11-01,-1.0434586298314938,-0.611701282361613,0.12629913240954926,0.056426610898567375,2.4172202616600584,1.301107090158764,-0.22237342437287966,1.9300428321393759,3.7452242770866384,3.66327799772669,1.9814743280853333,4.249537179552575,5.88683924577435,4.80320256890443,7.53919163108025,3.7651391643473042,6.586438807518626,9.337239170908177,8.094360529530546,9.60073006108512,5.049228863961586,8.406633344583513,7.224184146877464,8.107632304353338,10.512186822798572
2022-12-01,-8.963889237165969,-8.233441370665268,-5.60869265326156,-4.737725394636817,-5.280781610802608,-7.854031740641481,-7.311488471776513,-4.254708065405497,-7.605168577351454,-4.508974538502853,-7.418010973773919,-4.344639922393014,-6.051645765513573,-5.573882001338723,-3.0433550950556807,-7.1635676819388205,-7.052383884155118,-5.847220391096286,-5.105395827062722,-3.066611510205396,-7.49002505899882,-7.657162946569253,-6.362245121589342,-4.1859346378078985,-4.3641615484567575
2023-01-01,16.18922053733921,13.118491217701088,8.705026394907975,12.77366477444832,10.184972808093882,12.20534729884492,10.316266605750801,9.183394359261765,7.114272640503311,5.275464378642445,9.451000919390234,8.768417429886982,6.628905454843947,5.224060322171233,4.401030815440635,11.372619870042936,7.3165439147014135,3.637771289561477,-0.181056619007689,-0.015332614949095547,4.927534207099064,3.9058219321027967,3.1323525517976374,-1.5647994786955366,-1.6398497096767497
2023-02-01,-1.0192753149876528,-0.970152251475772,0.5166887181801914,-2.3258408551381713,-3.3304459750489706,-1.4051528184158968,-2.535819512725869,-4.292031367948793,-4.290785697140265,-1.1189979949089144,-2.180922273919028,1.7893123319247222,-3.2927890203399386,-3.4287289457040973,-4.2933991940830785,-4.499850643075346,-3.531168953776316,-3.583838292151923,-2.2389575281416914,-4.025961923567849,-2.015738069238995,-2.085681573947487,-5.3903807039096066,-2.7519822902368984,-1.2881946611057957
2023-03-01,6.322224292681078,5.1502743894550065,-3.5193460657482794,-6.313701351219956,-12.529601551354723,9.050718270503793,5.105632307323496,-0.042462092405536334,-5.110844981115637,-10.087097040285318,10.93213813659726,7.7838021291014465,3.9901395768417913,-1.1090807829350693,-6.210039214938552,14.321464341759244,9.412519768955761,4.870492319420106,2.217230276388925,-6.066157752680638,13.503547290148886,11.25696429793915,7.07586360718606,4.468146543062979,-0.9342042271288424
2023-04-01,-5.713656352254658,-5.384111249442878,-2.9157039461192613,-2.1361615639883005,-3.7234582977010184,-3.6647369718192335,-1.9317386625217907,-2.1076962009840416,-0.5862679599182747,-0.6728698605838114,-0.27416067529751864,-1.984106478079597,-0.5755408160333231,-0.1429769700817679,-0.372500009660262,2.936894607165533,3.7823691097763503,4.331852554078512,3.516687764850392,2.970385635179697,6.0469592197415585,4.879661876210601,4.266068229411432,6.754298184822289,3.2952856131705883
2023-05-01,8.265230834838052,6.964176825006514,0.7436263956859523,2.8492844168792515,-4.4567141596074675,6.760237484007136,4.2986135126234295,2.3728466087113658,-3.7859987046522603,-7.830381683809151,8.643649032069932,5.349050092310929,-1.1423698838962792,-2.245675538962115,-8.476773405827378,8.790034336926404,3.109520304932625,-3.8032130249305425,-4.238367919882649,-7.38491033627584,8.388259278999708,3.003285420583846,-0.14625462977216785,-5.359960983371151,-10.574939413037765
2023-06-01,10.135754155527886,5.848712732660265,8.010847069062464,10.209325571348261,9.839846533599676,8.149411758199777,7.025394738675195,6.350945316274694,7.312084228454302,10.82436258774057,5.402081730398824,6.927775237978297,7.493812668129907,4.531408994481897,7.185882031679052,5.3643295797237265,6.621991594811222,7.836730394008207,4.282374866894177,5.651716975653979,0.8377259892663709,3.7453592412944046,3.8856080217695177,5.813367142014532,4.5674108511921725
2023-07-01,1.1219898407714852,2.6936387407605933,7.137347636337555,7.499336816975244,11.633365344256138,0.21206377435761753,1.6524681795482814,3.6093561354061094,6.46966049008983,6.801491267536218,-0.9099954687768483,3.0269167917782482,1.3934934260672693,5.503697884171637,6.200718463397857,-1.796819341226463,-0.07290979847825438,-0.04810588661150028,0.8178645946913492,8.0102835409587,-1.7124018209290828,-2.6204600005308,-2.0686790450908665,3.3237362441860894,5.656909562858208
2023-08-01,-6.9104408854463895,-3.2592875651042066,-4.651565050437757,-7.524847456704244,-5.459585212907257,-3.135959387363315,-5.107788228405052,-6.8599298111900175,-4.109051062610064,-4.745130038578973,-2.108123061531857,-0.7236903124409331,1.445415890035699,-0.09172798656055425,-6.923068140557936,-0.19361800161530363,2.9064493212932963,-1.1478986517879048,-1.0627794002791762,-2.501612345316966,3.6285364115832843,-1.4088165119253568,0.481814023286565,2.2746926076721943,-0.09399533066711256
2023-09-01,-10.888981704114542,-8.42804343191206,-7.4523299769332105,-9.636456276189962,-9.30781675682329,-7.9555834832362065,-6.028573160615655,-7.3308281936453366,-6.36672316229989,-4.389445782521367,-8.682973479046941,-6.059396315321532,-4.926780537113533,-6.122368472056345,-5.31506255551595,-4.812204738614957,-2.074420482152475,-4.505036788384276,-1.5404467187700792,-1.7703376100066563,-3.806623624131963,-2.545152903466949,-0.6214869300641062,-2.8556136465354243,1.5512415485354
2023-10-01,-8.74906322156584,-8.714080627449215,-7.224050193436201,-6.680591342002771,-6.790043156303212,-4.818861824791789,-3.599636510125464,-8.831187704715155,-3.6735538875403586,-4.448412457742267,-1.7468726655815028,-5.015159693779919,-2.44491143346492,-4.151488940935259,-3.549162434955944,-1.8416835637287328,-3.1237327819573695,-0.27534025328020295,0.439938895243269,-2.6297430068852288,-1.2410447982405943,-1.497832131459571,1.0997514668104622,2.073142904193594,1.8546718866336604
2023-11-01,7.213337571363446,7.185330975554791,6.865725338658062,9.30693708626994,9.663932258048915,5.989376096701664,8.51799496641596,6.639527049999696,6.792768307480057,10.935207407763924,7.592264938172862,7.502002774725092,7.850599655262672,10.701740289340394,13.294757034823,7.38321268430146,8.46527713356527,6.293893314238099,11.055749456709421,10.78517527484159,7.824550272084329,7.625138324745474,8.699597149204722,9.367838990702651,10.643842231173933
2023-12-01,5.5609021267169245,9.936933162846756,9.936434927089575,11.985832639799884,15.669138799862367,1.682308529062235,4.997738105579735,9.225253269444726,14.929275870409594,13.106157846480347,3.227497563726256,1.0005069793401788,4.560332125685433,7.679501187761416,9.264753113268068,-4.2513106545480674,-2.1811943674583105,2.2550888411866317,4.100323723794561,6.44822211429869,-7.307138464859306,-4.6508002985398615,-3.4780566317006723,0.8443526692149252,2.5762026701845366
2024-01-01,-2.998957406115772,-4.136013408130962,-5.00816155758057,-6.284646122167394,-6.477598332309216,0.7115334998122266,-1.6652490223815368,-0.6446684767954722,-4.430054046398342,-4.01739389595085,1.5845152005323604,1.0235024859470454,0.273093716724221,0.0780736637623578,-0.826954575380972,6.012755440370663,4.736672019882348,6.266294276993997,3.772836452665893,1.2397153842143576,8.810026400315156,7.957086188740805,3.823962970231825,4.796263661550232,4.016052684109727
2024-02-01,8.21572200418605,7.087724423817706,5.580154979009441,2.0333911987748037,3.0738584598443457,6.646706450743157,5.617136987723465,5.678317627905727,3.9287316346890497,1.7268858936377538,8.010033729531703,7.533655267285044,4.44047691054479,4.209409210073514,1.6596969371320112,8.052710628989916,6.784967555658644,3.0015688351745027,4.927882927402502,1.3309631079029072,11.441510042529389,6.194803776348715,4.8925328286159715,3.9134955295176894,0.7155313008607576
2024-03-01,-3.153552803310765,-1.509355700699536,0.39661929414450126,5.324175656805243,3.361245348642874,-2.167605249262588,3.0536316296621973,0.17391707053446037,2.2394447343491604,7.45595757127285,-1.5777867607539608,3.1863944171812393,3.9726720193124914,5.9369607176946735,9.00026700388069,1.2629302256756347,0.31583108605452126,4.286639093479311,5.6026898505363105,8.122294607645442,1.1534632605221486,2.555950346062874,2.8674019722427104,7.241541370194735,9.965790157741607
2024-04-01,-7.008726919569391,-7.797363981963982,-5.96710324309612,-6.110827160379428,-11.508569129859113,-7.961609789191057,-4.195675465536899,-6.059435748984692,-5.490951161078113,-3.2708266015324883,-2.406471382047056,-3.7242050446114,-5.14113466529017,-3.3328217222136476,-3.578196133728947,-2.886485735865347,-1.388861573011261,-4.358643424631197,-2.6084627834575818,-2.793675741684797,-2.860618902991123,-0.6053219179840452,-1.0664863107914122,-1.9997952903665388,-1.8028355712079895
2024-05-01,5.277752236118846,8.950452673432732,5.617081378957529,4.698254242221469,4.187306625027637,7.21149907315417,4.007401964238128,4.671227476592428,4.416500328550325,2.8306512185687365,4.739812619330836,3.075463067601353,6.039481235674025,4.391856500244788,5.019421945934995,2.2375561472070613,4.829366027046865,4.568660651353271,2.6627014735047094,2.196607145295619,4.033111642207139,4.615959069209689,2.1025009823652785,5.450812021220949,2.341365204277575
2024-06-01,2.4775687170291194,2.5921650729217602,-0.1683338357259605,0.7103794125314342,0.5988677374173155,5.159911840785269,3.234613823268845,-0.4041657485605348,-1.3809237063597009,-3.857565573288131,4.340411679265966,5.069441662984341,6.978002917227487,0.8219920329242053,-3.0023160060509135,9.19973710058837,5.443887058184377,4.241801508187345,3.496676539044031,-1.4013621499550744,7.575540094225239,7.747355961357679,5.431984434567582,5.5950594633005,1.6906138723370336
2024-07-01,2.86954749381891,2.304072659458331,11.314782243716987,11.208015665667823,13.381241032814263,-0.7804397813634822,1.2787645444640914,6.873978737879005,8.940777617773403,10.251215823553604,-2.572311576778749,0.16698489062260613,0.9599175318279285,5.063239066656116,7.229745358942607,-9.398243601776546,-5.6822531246721395,-3.1946505215027465,-1.2570347748329525,6.088379357461076,-10.802057289240496,-7.784476589703699,-8.670680022466541,-1.4398831763769828,-3.051901732567612
2024-08-01,-0.8512541773779145,-0.9290319884011149,-1.3905196750589246,-3.451463097796,-2.8461164852551226,2.250052093083976,1.288267646347571,1.1744247210917869,-1.0257947197449486,2.7917029025619637,2.2219994166379062,1.1878633041750561,2.0117026624126884,3.9337014171948423,1.7370671882580369,3.201205341544154,4.055577066342606,4.019888269370329,1.0283224786092653,4.355684619188675,4.700606796462013,3.2197638407728535,4.228267552999562,3.8835756458418667,5.901798628065333
2024-09-01,5.460761305598551,2.1166068422921622,0.8382269949536246,2.7791493201008812,1.578755790123608,6.74122728385957,3.8628157362971476,1.3299350244837838,1.0119705067434392,-2.1443729558741103,5.798939725118812,2.853511910644753,2.472452477796013,0.1729278952781586,-0.3730328680408881,3.389362908452145,3.7267991379646808,4.431602006743832,2.0539507620345088,-2.8818905415054834,3.6184310010622553,4.244305045563984,-0.20582046503048224,-0.844976307464814,-0.1190058761973315
2024-10-01,-4.624872818702592,-1.0750634583609202,0.5600908070965778,-0.6661717302766164,-0.43107770908782816,-0.9474292853071,-0.2920184370286585,-1.5162899562799246,-2.655593108136121,1.7958141042465865,-0.5897279382819351,-1.390430047252075,1.900486610938027,-2.0629154421539435,0.7835537768078591,0.6285119892736091,-1.0415520678441466,-0.7832758455272306,1.397980374925795,1.363065209020736,-2.8169374270246794,0.5568252166039152,-3.6339642703478936,1.9448357722343017,1.6874694608119196
2024-11-01,9.586811888603528,9.939755431795694,12.88525761998628,10.116343972706712,11.987801917793899,5.507454270168237,7.376732394119842,9.15820549714961,8.908315146300563,11.920440117195149,6.047638749676298,5.06794019103077,6.549257714490469,8.38174951878248,7.070685794503333,0.2765935285493404,-0.35736774447106034,5.160466755285991,5.352057502482395,3.816291345325932,0.9125776263080054,-0.053652667281233635,2.3272334896692994,3.3237051236723643,0.034015034768796415
2024-12-01,-1.7704726686271821,-4.540068122755605,-3.5042280172680944,-7.7427948129290165,-8.620314639710301,-3.504099832937848,-2.8603299699296687,-7.703471017408156,-3.34324249956891,-8.545993466481507,-0.1959960970223742,-0.6257916885800822,-4.230295987439792,-4.935943231078379,-7.427017022014676,5.986227650007373,-0.10025231394302217,-3.6925795947430284,-3.1164065768021065,-4.500515675850465,3.0018403245397947,0.9147513150722093,1.969209664302182,0.39514094850414505,-1.1941984119551683
